{
	"info": {
		"_postman_id": "9b6a662e-2044-4cf8-ba0a-c2e350e69c11",
		"name": "BEETROOT_PetrenkoV",
		"description": "# 🚀 Get started here\n\nThis template guides you through CRUD operations (GET, POST, PUT, DELETE), variables, and tests.\n\n## 🔖 **How to use this template**\n\n#### **Step 1: Send requests**\n\nRESTful APIs allow you to perform CRUD operations using the POST, GET, PUT, and DELETE HTTP methods.\n\nThis collection contains each of these [request](https://learning.postman.com/docs/sending-requests/requests/) types. Open each request and click \"Send\" to see what happens.\n\n#### **Step 2: View responses**\n\nObserve the response tab for status code (200 OK), response time, and size.\n\n#### **Step 3: Send new Body data**\n\nUpdate or add new data in \"Body\" in the POST request. Typically, Body data is also used in PUT request.\n\n```\n{\n    \"name\": \"Add your name in the body\"\n}\n\n ```\n\n#### **Step 4: Update the variable**\n\nVariables enable you to store and reuse values in Postman. We have created a [variable](https://learning.postman.com/docs/sending-requests/variables/) called `base_url` with the sample request [https://postman-api-learner.glitch.me](https://postman-api-learner.glitch.me). Replace it with your API endpoint to customize this collection.\n\n#### **Step 5: Add tests in the \"Scripts\" tab**\n\nAdding tests to your requests can help you confirm that your API is working as expected. You can write test scripts in JavaScript and view the output in the \"Test Results\" tab.\n\n<img src=\"https://content.pstmn.io/fa30ea0a-373d-4545-a668-e7b283cca343/aW1hZ2UucG5n\" alt=\"\" height=\"1530\" width=\"2162\">\n\n## 💪 Pro tips\n\n- Use folders to group related requests and organize the collection.\n    \n- Add more [scripts](https://learning.postman.com/docs/writing-scripts/intro-to-scripts/) to verify if the API works as expected and execute workflows.\n    \n\n## 💡Related templates\n\n[API testing basics](https://go.postman.co/redirect/workspace?type=personal&collectionTemplateId=e9a37a28-055b-49cd-8c7e-97494a21eb54&sourceTemplateId=ddb19591-3097-41cf-82af-c84273e56719)  \n[API documentation](https://go.postman.co/redirect/workspace?type=personal&collectionTemplateId=e9c28f47-1253-44af-a2f3-20dce4da1f18&sourceTemplateId=ddb19591-3097-41cf-82af-c84273e56719)  \n[Authorization methods](https://go.postman.co/redirect/workspace?type=personal&collectionTemplateId=31a9a6ed-4cdf-4ced-984c-d12c9aec1c27&sourceTemplateId=ddb19591-3097-41cf-82af-c84273e56719)",
		"schema": "https://schema.getpostman.com/json/collection/v2.0.0/collection.json",
		"_exporter_id": "36017542"
	},
	"item": [
		{
			"name": "Create user (Parametres)",
			"event": [
				{
					"listen": "test",
					"script": {
						"exec": [
							"pm.test(\"Status code is 200\", function () {",
							"    pm.response.to.have.status(200);",
							"});",
							"",
							"pm.sendRequest(\"https://postman-echo.com/get\", function (err, response) {",
							"    console.log(response.json());",
							"});",
							"",
							"pm.test(\"Response time is less than 3000ms\", function () {",
							"    pm.expect(pm.response.responseTime).to.be.below(3000);",
							"});"
						],
						"type": "text/javascript",
						"packages": {}
					}
				}
			],
			"request": {
				"method": "POST",
				"header": [],
				"body": {
					"mode": "urlencoded",
					"urlencoded": [
						{
							"key": "name",
							"value": "Margaryta",
							"description": "required",
							"type": "text"
						},
						{
							"key": "age",
							"value": "25",
							"description": "required",
							"type": "text"
						},
						{
							"key": "gender",
							"value": "female",
							"description": "required",
							"type": "text"
						},
						{
							"key": "city",
							"value": "Poltava",
							"description": "optional",
							"type": "text"
						}
					]
				},
				"url": "{{URLtest}}/users",
				"description": "This is a GET request and it is used to \"get\" data from an endpoint. There is no request body for a GET request, but you can use query parameters to help specify the resource you want data on (e.g., in this request, we have `id=1`).\n\nA successful GET response will have a `200 OK` status, and should include some kind of response body - for example, HTML web content or JSON data."
			},
			"response": []
		},
		{
			"name": "Create user (Raw)",
			"event": [
				{
					"listen": "test",
					"script": {
						"exec": [
							"pm.test(\"Status code is 200\", function () {",
							"    pm.response.to.have.status(200);",
							"});",
							"",
							"pm.sendRequest(\"https://postman-echo.com/get\", function (err, response) {",
							"    console.log(response.json());",
							"});",
							"pm.test(\"Response time is less than 2000ms\", function () {",
							"    pm.expect(pm.response.responseTime).to.be.below(2000);",
							"});",
							"",
							"pm.test(\"Status code is 200\", function () {",
							"    pm.response.to.have.status(200);",
							"});"
						],
						"type": "text/javascript",
						"packages": {}
					}
				}
			],
			"request": {
				"method": "POST",
				"header": [],
				"body": {
					"mode": "raw",
					"raw": "{\r\n    \"name\": \"Mykhaylo\",\r\n    \"age\": 32,\r\n    \"gender\": \"male\",\r\n    \"city\": \"Dnipro\"\r\n}",
					"options": {
						"raw": {
							"language": "json"
						}
					}
				},
				"url": "{{URLtest}}/users",
				"description": "This is a GET request and it is used to \"get\" data from an endpoint. There is no request body for a GET request, but you can use query parameters to help specify the resource you want data on (e.g., in this request, we have `id=1`).\n\nA successful GET response will have a `200 OK` status, and should include some kind of response body - for example, HTML web content or JSON data."
			},
			"response": []
		},
		{
			"name": "Create user (Negative test)",
			"event": [
				{
					"listen": "test",
					"script": {
						"exec": [
							"pm.test(\"Status code is 400\", function () {",
							"    pm.response.to.have.status(400);",
							"});",
							"",
							"pm.sendRequest(\"https://postman-echo.com/get\", function (err, response) {",
							"    console.log(response.json());",
							"});",
							"",
							"pm.test(\"Successful POST request\", function () {",
							"    pm.expect(pm.response.code).to.be.oneOf([400]);",
							"});",
							"",
							"pm.test(\"Response time is less than 1000ms\", function () {",
							"    pm.expect(pm.response.responseTime).to.be.below(1000);",
							"});"
						],
						"type": "text/javascript",
						"packages": {}
					}
				}
			],
			"request": {
				"method": "POST",
				"header": [],
				"body": {
					"mode": "urlencoded",
					"urlencoded": [
						{
							"key": "name",
							"value": "Maxym",
							"type": "text"
						},
						{
							"key": "age",
							"value": "18",
							"type": "text"
						},
						{
							"key": "gender",
							"value": "male",
							"type": "text"
						},
						{
							"key": "city",
							"value": "Kremenchuk",
							"type": "text"
						}
					]
				},
				"url": "{{URLtest}}/users",
				"description": "This is a GET request and it is used to \"get\" data from an endpoint. There is no request body for a GET request, but you can use query parameters to help specify the resource you want data on (e.g., in this request, we have `id=1`).\n\nA successful GET response will have a `200 OK` status, and should include some kind of response body - for example, HTML web content or JSON data."
			},
			"response": []
		},
		{
			"name": "Get user 1",
			"event": [
				{
					"listen": "test",
					"script": {
						"exec": [
							"pm.test(\"Status code is 200\", function () {",
							"    pm.response.to.have.status(200);",
							"});",
							"",
							"pm.test(\"Response time is less than 1000ms\", function () {",
							"    pm.expect(pm.response.responseTime).to.be.below(1000);",
							"});",
							"",
							"pm.sendRequest(\"https://postman-echo.com/get\", function (err, response) {",
							"    console.log(response.json());",
							"});"
						],
						"type": "text/javascript",
						"packages": {}
					}
				},
				{
					"listen": "prerequest",
					"script": {
						"exec": [
							""
						],
						"type": "text/javascript",
						"packages": {}
					}
				}
			],
			"protocolProfileBehavior": {
				"disableBodyPruning": true
			},
			"request": {
				"method": "GET",
				"header": [],
				"body": {
					"mode": "urlencoded",
					"urlencoded": []
				},
				"url": {
					"raw": "{{URLtest}}/users?id=45caf6b5-6213-4f8f-aa44-1dfadf896542",
					"host": [
						"{{URLtest}}"
					],
					"path": [
						"users"
					],
					"query": [
						{
							"key": "id",
							"value": "45caf6b5-6213-4f8f-aa44-1dfadf896542",
							"description": "Margaryta"
						}
					]
				},
				"description": "This is a POST request, submitting data to an API via the request body. This request submits JSON data, and the data is reflected in the response.\n\nA successful POST request typically returns a `200 OK` or `201 Created` response code."
			},
			"response": []
		},
		{
			"name": "Get user 2",
			"event": [
				{
					"listen": "test",
					"script": {
						"exec": [
							"pm.test(\"Successful GET request\", function () {",
							"    pm.expect(pm.response.code).to.be.oneOf([200, 201]);",
							"});",
							"",
							"pm.sendRequest(\"https://postman-echo.com/get\", function (err, response) {",
							"    console.log(response.json());",
							"});",
							"",
							"pm.test(\"Status code is 200\", function () {",
							"    pm.response.to.have.status(200);",
							"});",
							"",
							"pm.test(\"Response time is less than 5000ms\", function () {",
							"    pm.expect(pm.response.responseTime).to.be.below(500);",
							"});"
						],
						"type": "text/javascript",
						"packages": {}
					}
				}
			],
			"request": {
				"method": "GET",
				"header": [],
				"url": {
					"raw": "{{URLtest}}/users?id=a19ff591-0595-4476-b8f1-d2545d2b287c",
					"host": [
						"{{URLtest}}"
					],
					"path": [
						"users"
					],
					"query": [
						{
							"key": "id",
							"value": "a19ff591-0595-4476-b8f1-d2545d2b287c",
							"description": "Mykhaylo"
						}
					]
				},
				"description": "This is a POST request, submitting data to an API via the request body. This request submits JSON data, and the data is reflected in the response.\n\nA successful POST request typically returns a `200 OK` or `201 Created` response code."
			},
			"response": []
		},
		{
			"name": "Get user (Negative test)",
			"event": [
				{
					"listen": "test",
					"script": {
						"exec": [
							"pm.test(\"Successful GET request\", function () {",
							"    pm.expect(pm.response.code).to.be.oneOf([400, 401]);",
							"});",
							"",
							"pm.test(\"Status code is 400\", function () {",
							"    pm.response.to.have.status(400);",
							"});",
							"",
							"pm.sendRequest(\"https://postman-echo.com/get\", function (err, response) {",
							"    console.log(response.json());",
							"});",
							"",
							"pm.test(\"Response time is less than 1000ms\", function () {",
							"    pm.expect(pm.response.responseTime).to.be.below(1000);",
							"});"
						],
						"type": "text/javascript",
						"packages": {}
					}
				}
			],
			"protocolProfileBehavior": {
				"disableBodyPruning": true
			},
			"request": {
				"method": "GET",
				"header": [],
				"body": {
					"mode": "raw",
					"raw": "{\n\t\"name\": \"Add your name in the body\"\n}",
					"options": {
						"raw": {
							"language": "json"
						}
					}
				},
				"url": {
					"raw": "{{URLtest}}/users?city=Dnipro",
					"host": [
						"{{URLtest}}"
					],
					"path": [
						"users"
					],
					"query": [
						{
							"key": "city",
							"value": "Dnipro"
						}
					]
				},
				"description": "This is a POST request, submitting data to an API via the request body. This request submits JSON data, and the data is reflected in the response.\n\nA successful POST request typically returns a `200 OK` or `201 Created` response code."
			},
			"response": []
		},
		{
			"name": "Edit user 1 (Parametres)",
			"event": [
				{
					"listen": "test",
					"script": {
						"exec": [
							"pm.test(\"Successful PATCH request\", function () {",
							"    pm.expect(pm.response.code).to.be.oneOf([200, 201, 204]);",
							"});",
							"",
							"pm.sendRequest(\"https://postman-echo.com/get\", function (err, response) {",
							"    console.log(response.json());",
							"});",
							"",
							"pm.test(\"Status code is 200\", function () {",
							"    pm.response.to.have.status(200);",
							"});",
							"",
							"pm.test(\"Response time is less than 1500ms\", function () {",
							"    pm.expect(pm.response.responseTime).to.be.below(1500);",
							"});"
						],
						"type": "text/javascript",
						"packages": {}
					}
				}
			],
			"request": {
				"method": "PATCH",
				"header": [],
				"body": {
					"mode": "urlencoded",
					"urlencoded": [
						{
							"key": "name",
							"value": "Maryna",
							"description": "required",
							"type": "text"
						},
						{
							"key": "city",
							"value": "Kherson",
							"description": "optional",
							"type": "text"
						},
						{
							"key": "gender",
							"value": "female",
							"description": "required",
							"type": "text"
						},
						{
							"key": "id",
							"value": "45caf6b5-6213-4f8f-aa44-1dfadf896542",
							"description": "required",
							"type": "text"
						},
						{
							"key": "age",
							"value": "53",
							"description": "required",
							"type": "text"
						}
					]
				},
				"url": "{{URLtest}}/users",
				"description": "This is a PUT request and it is used to overwrite an existing piece of data. For instance, after you create an entity with a POST request, you may want to modify that later. You can do that using a PUT request. You typically identify the entity being updated by including an identifier in the URL (eg. `id=1`).\n\nA successful PUT request typically returns a `200 OK`, `201 Created`, or `204 No Content` response code."
			},
			"response": []
		},
		{
			"name": "Edit user 2 (Raw)",
			"event": [
				{
					"listen": "test",
					"script": {
						"exec": [
							"pm.test(\"Successful PATCH request\", function () {",
							"    pm.expect(pm.response.code).to.be.oneOf([200, 201, 204]);",
							"});",
							"",
							"pm.sendRequest(\"https://postman-echo.com/get\", function (err, response) {",
							"    console.log(response.json());",
							"});",
							"",
							"pm.test(\"Status code is 200\", function () {",
							"    pm.response.to.have.status(200);",
							"});",
							"",
							"pm.test(\"Response time is less than 900ms\", function () {",
							"    pm.expect(pm.response.responseTime).to.be.below(900);",
							"});"
						],
						"type": "text/javascript",
						"packages": {}
					}
				}
			],
			"request": {
				"method": "PATCH",
				"header": [],
				"body": {
					"mode": "raw",
					"raw": "{\r\n    \"id\": \"a19ff591-0595-4476-b8f1-d2545d2b287c\",\r\n    \"name\": \"Volodymyr\",\r\n    \"age\": 40,\r\n    \"gender\": \"male\",\r\n    \"city\": \"Lviv\"\r\n}",
					"options": {
						"raw": {
							"language": "json"
						}
					}
				},
				"url": {
					"raw": "{{URLtest}}/users",
					"host": [
						"{{URLtest}}"
					],
					"path": [
						"users"
					],
					"query": [
						{
							"key": "id",
							"value": "7bf4bcea-a216-44fa-95d1-51be889e77fd",
							"disabled": true
						}
					]
				},
				"description": "This is a PUT request and it is used to overwrite an existing piece of data. For instance, after you create an entity with a POST request, you may want to modify that later. You can do that using a PUT request. You typically identify the entity being updated by including an identifier in the URL (eg. `id=1`).\n\nA successful PUT request typically returns a `200 OK`, `201 Created`, or `204 No Content` response code."
			},
			"response": []
		},
		{
			"name": "Edit user (Negative test)",
			"event": [
				{
					"listen": "test",
					"script": {
						"exec": [
							"pm.test(\"Successful PATCH request\", function () {",
							"    pm.expect(pm.response.code).to.be.oneOf([400, 401, 404]);",
							"});",
							"",
							"pm.sendRequest(\"https://postman-echo.com/get\", function (err, response) {",
							"    console.log(response.json());",
							"});",
							"",
							"pm.test(\"Status code is 400\", function () {",
							"    pm.response.to.have.status(400);",
							"});",
							"",
							"pm.test(\"Response time is less than 600ms\", function () {",
							"    pm.expect(pm.response.responseTime).to.be.below(600);",
							"});"
						],
						"type": "text/javascript",
						"packages": {}
					}
				}
			],
			"request": {
				"method": "PATCH",
				"header": [],
				"body": {
					"mode": "urlencoded",
					"urlencoded": [
						{
							"key": "name",
							"value": "Maryna",
							"type": "text"
						},
						{
							"key": "city",
							"value": "Kherson",
							"type": "text"
						},
						{
							"key": "gender",
							"value": "female",
							"type": "text"
						},
						{
							"key": "age",
							"value": "45",
							"type": "text"
						},
						{
							"key": "id",
							"value": "8e1c4db2-0a08-412d-8448-82c24f5510eb",
							"type": "text",
							"disabled": true
						}
					]
				},
				"url": {
					"raw": "{{URLtest}}/users",
					"host": [
						"{{URLtest}}"
					],
					"path": [
						"users"
					],
					"query": [
						{
							"key": "gender",
							"value": "female",
							"disabled": true
						}
					]
				},
				"description": "This is a PUT request and it is used to overwrite an existing piece of data. For instance, after you create an entity with a POST request, you may want to modify that later. You can do that using a PUT request. You typically identify the entity being updated by including an identifier in the URL (eg. `id=1`).\n\nA successful PUT request typically returns a `200 OK`, `201 Created`, or `204 No Content` response code."
			},
			"response": []
		},
		{
			"name": "Delete user 1",
			"event": [
				{
					"listen": "test",
					"script": {
						"exec": [
							"pm.test(\"Successful DELETE request\", function () {",
							"    pm.expect(pm.response.code).to.be.oneOf([200, 202, 204]);",
							"});",
							"",
							"pm.test(\"Status code is 200\", function () {",
							"    pm.response.to.have.status(200);",
							"});",
							"",
							"pm.test(\"Response time is less than 800ms\", function () {",
							"    pm.expect(pm.response.responseTime).to.be.below(800);",
							"});"
						],
						"type": "text/javascript",
						"packages": {}
					}
				}
			],
			"request": {
				"method": "DELETE",
				"header": [],
				"body": {
					"mode": "raw",
					"raw": "",
					"options": {
						"raw": {
							"language": "json"
						}
					}
				},
				"url": {
					"raw": "{{URLtest}}/users?id=45caf6b5-6213-4f8f-aa44-1dfadf896542",
					"host": [
						"{{URLtest}}"
					],
					"path": [
						"users"
					],
					"query": [
						{
							"key": "id",
							"value": "45caf6b5-6213-4f8f-aa44-1dfadf896542"
						}
					]
				},
				"description": "This is a DELETE request, and it is used to delete data that was previously created via a POST request. You typically identify the entity being updated by including an identifier in the URL (eg. `id=1`).\n\nA successful DELETE request typically returns a `200 OK`, `202 Accepted`, or `204 No Content` response code."
			},
			"response": []
		},
		{
			"name": "Delete user 2",
			"event": [
				{
					"listen": "test",
					"script": {
						"exec": [
							"pm.test(\"Successful DELETE request\", function () {",
							"    pm.expect(pm.response.code).to.be.oneOf([200, 202, 204]);",
							"});",
							"",
							"pm.test(\"Status code is 200\", function () {",
							"    pm.response.to.have.status(200);",
							"});",
							"",
							"pm.test(\"Response time is less than 800ms\", function () {",
							"    pm.expect(pm.response.responseTime).to.be.below(800);",
							"});"
						],
						"type": "text/javascript",
						"packages": {}
					}
				}
			],
			"request": {
				"method": "DELETE",
				"header": [],
				"body": {
					"mode": "urlencoded",
					"urlencoded": []
				},
				"url": {
					"raw": "{{URLtest}}/users?id=a19ff591-0595-4476-b8f1-d2545d2b287c",
					"host": [
						"{{URLtest}}"
					],
					"path": [
						"users"
					],
					"query": [
						{
							"key": "id",
							"value": "a19ff591-0595-4476-b8f1-d2545d2b287c"
						}
					]
				},
				"description": "This is a DELETE request, and it is used to delete data that was previously created via a POST request. You typically identify the entity being updated by including an identifier in the URL (eg. `id=1`).\n\nA successful DELETE request typically returns a `200 OK`, `202 Accepted`, or `204 No Content` response code."
			},
			"response": []
		},
		{
			"name": "Delete user (Negative test)",
			"event": [
				{
					"listen": "test",
					"script": {
						"exec": [
							"pm.test(\"Successful DELETE request\", function () {",
							"    pm.expect(pm.response.code).to.be.oneOf([400, 402, 404]);",
							"});",
							"",
							"pm.test(\"Status code is 400\", function () {",
							"    pm.response.to.have.status(400);",
							"});",
							"",
							"pm.test(\"Response time is less than 1000ms\", function () {",
							"    pm.expect(pm.response.responseTime).to.be.below(1000);",
							"});"
						],
						"type": "text/javascript",
						"packages": {}
					}
				}
			],
			"request": {
				"method": "DELETE",
				"header": [],
				"body": {
					"mode": "raw",
					"raw": "",
					"options": {
						"raw": {
							"language": "json"
						}
					}
				},
				"url": {
					"raw": "{{URLtest}}/users?city=Lviv",
					"host": [
						"{{URLtest}}"
					],
					"path": [
						"users"
					],
					"query": [
						{
							"key": "id",
							"value": "a19ff591-0595-4476-b8f1-d2545d2b287c",
							"disabled": true
						},
						{
							"key": "city",
							"value": "Lviv"
						}
					]
				},
				"description": "This is a DELETE request, and it is used to delete data that was previously created via a POST request. You typically identify the entity being updated by including an identifier in the URL (eg. `id=1`).\n\nA successful DELETE request typically returns a `200 OK`, `202 Accepted`, or `204 No Content` response code."
			},
			"response": []
		}
	],
	"event": [
		{
			"listen": "prerequest",
			"script": {
				"type": "text/javascript",
				"exec": [
					""
				]
			}
		},
		{
			"listen": "test",
			"script": {
				"type": "text/javascript",
				"exec": [
					""
				]
			}
		}
	],
	"variable": [
		{
			"key": "id",
			"value": "1"
		},
		{
			"key": "base_url",
			"value": "https://postman-rest-api-learner.glitch.me/"
		}
	]
}